[
  {
    "Name": "Payal Ramani",
    "Day": "Sun 01-Jan",
    "Punch-in": "--:--",
    "Punch-out": "--:--",
    "Timer Hours": "00:00",
    "Manual Hours": "00:00",
    "Total Ex Idle Hours": "00:00",
    "Idle Hours": "00:00",
    "Total Inc Idle Hours": "00:00"
  },
  {
    "Name": "Payal Ramani",
    "Day": "Mon 02-Jan",
    "Punch-in": "09:15",
    "Punch-out": "17:45",
    "Timer Hours": "08:30",
    "Manual Hours": "00:00",
    "Total Ex Idle Hours": "08:30",
    "Idle Hours": "00:00",
    "Total Inc Idle Hours": "08:30"
  },
  {
    "Name": "Payal Ramani",
    "Day": "Tue 03-Jan",
    "Punch-in": "08:50",
    "Punch-out": "18:00",
    "Timer Hours": "08:10",
    "Manual Hours": "00:00",
    "Total Ex Idle Hours": "08:10",
    "Idle Hours": "00:00",
    "Total Inc Idle Hours": "08:10"
  },
  {
    "Name": "Payal Ramani",
    "Day": "Wed 04-Jan",
    "Punch-in": "09:05",
    "Punch-out": "13:00",
    "Timer Hours": "03:55",
    "Manual Hours": "00:00",
    "Total Ex Idle Hours": "03:55",
    "Idle Hours": "00:00",
    "Total Inc Idle Hours": "03:55"
  },
  {
    "Name": "Payal Ramani",
    "Day": "Thu 05-Jan",
    "Punch-in": "--:--",
    "Punch-out": "--:--",
    "Timer Hours": "00:00",
    "Manual Hours": "00:00",
    "Total Ex Idle Hours": "00:00",
    "Idle Hours": "00:00",
    "Total Inc Idle Hours": "00:00"
  },
  {
    "Name": "Payal Ramani",
    "Day": "Fri 06-Jan",
    "Punch-in": "09:10",
    "Punch-out": "18:30",
    "Timer Hours": "08:20",
    "Manual Hours": "00:00",
    "Total Ex Idle Hours": "08:20",
    "Idle Hours": "00:00",
    "Total Inc Idle Hours": "08:20"
  },
  {
    "Name": "Payal Ramani",
    "Day": "Sat 07-Jan",
    "Punch-in": "--:--",
    "Punch-out": "--:--",
    "Timer Hours": "00:00",
    "Manual Hours": "00:00",
    "Total Ex Idle Hours": "00:00",
    "Idle Hours": "00:00",
    "Total Inc Idle Hours": "00:00"
  },
  {
    "Name": "Payal Ramani",
    "Day": "Sun 08-Jan",
    "Punch-in": "--:--",
    "Punch-out": "--:--",
    "Timer Hours": "00:00",
    "Manual Hours": "00:00",
    "Total Ex Idle Hours": "00:00",
    "Idle Hours": "00:00",
    "Total Inc Idle Hours": "00:00"
  },
  {
    "Name": "Payal Ramani",
    "Day": "Mon 09-Jan",
    "Punch-in": "09:20",
    "Punch-out": "17:40",
    "Timer Hours": "08:20",
    "Manual Hours": "00:00",
    "Total Ex Idle Hours": "08:20",
    "Idle Hours": "00:00",
    "Total Inc Idle Hours": "08:20"
  },
  {
    "Name": "Payal Ramani",
    "Day": "Tue 10-Jan",
    "Punch-in": "08:55",
    "Punch-out": "18:10",
    "Timer Hours": "08:15",
    "Manual Hours": "00:00",
    "Total Ex Idle Hours": "08:15",
    "Idle Hours": "00:00",
    "Total Inc Idle Hours": "08:15"
  },
  {
    "Name": "Payal Ramani",
    "Day": "Wed 11-Jan",
    "Punch-in": "--:--",
    "Punch-out": "--:--",
    "Timer Hours": "00:00",
    "Manual Hours": "00:00",
    "Total Ex Idle Hours": "00:00",
    "Idle Hours": "00:00",
    "Total Inc Idle Hours": "00:00"
  },
  {
    "Name": "Payal Ramani",
    "Day": "Thu 12-Jan",
    "Punch-in": "09:05",
    "Punch-out": "18:00",
    "Timer Hours": "08:05",
    "Manual Hours": "00:00",
    "Total Ex Idle Hours": "08:05",
    "Idle Hours": "00:00",
    "Total Inc Idle Hours": "08:05"
  },
  {
    "Name": "Payal Ramani",
    "Day": "Fri 13-Jan",
    "Punch-in": "09:10",
    "Punch-out": "18:20",
    "Timer Hours": "08:10",
    "Manual Hours": "00:00",
    "Total Ex Idle Hours": "08:10",
    "Idle Hours": "00:00",
    "Total Inc Idle Hours": "08:10"
  },
  {
    "Name": "Payal Ramani",
    "Day": "Sat 14-Jan",
    "Punch-in": "--:--",
    "Punch-out": "--:--",
    "Timer Hours": "00:00",
    "Manual Hours": "00:00",
    "Total Ex Idle Hours": "00:00",
    "Idle Hours": "00:00",
    "Total Inc Idle Hours": "00:00"
  },
  {
    "Name": "Payal Ramani",
    "Day": "Sun 15-Jan",
    "Punch-in": "--:--",
    "Punch-out": "--:--",
    "Timer Hours": "00:00",
    "Manual Hours": "00:00",
    "Total Ex Idle Hours": "00:00",
    "Idle Hours": "00:00",
    "Total Inc Idle Hours": "00:00"
  },
  {
    "Name": "Payal Ramani",
    "Day": "Mon 16-Jan",
    "Punch-in": "09:00",
    "Punch-out": "17:55",
    "Timer Hours": "08:05",
    "Manual Hours": "00:00",
    "Total Ex Idle Hours": "08:05",
    "Idle Hours": "00:00",
    "Total Inc Idle Hours": "08:05"
  },
  {
    "Name": "Payal Ramani",
    "Day": "Tue 17-Jan",
    "Punch-in": "09:10",
    "Punch-out": "18:00",
    "Timer Hours": "08:10",
    "Manual Hours": "00:00",
    "Total Ex Idle Hours": "08:10",
    "Idle Hours": "00:00",
    "Total Inc Idle Hours": "08:10"
  },
  {
    "Name": "Payal Ramani",
    "Day": "Wed 18-Jan",
    "Punch-in": "09:00",
    "Punch-out": "18:00",
    "Timer Hours": "09:00",
    "Manual Hours": "00:00",
    "Total Ex Idle Hours": "09:00",
    "Idle Hours": "00:00",
    "Total Inc Idle Hours": "09:00"
  },
  {
    "Name": "Payal Ramani",
    "Day": "Thu 19-Jan",
    "Punch-in": "09:15",
    "Punch-out": "18:10",
    "Timer Hours": "08:55",
    "Manual Hours": "00:00",
    "Total Ex Idle Hours": "08:55",
    "Idle Hours": "00:00",
    "Total Inc Idle Hours": "08:55"
  },
  {
    "Name": "Payal Ramani",
    "Day": "Fri 20-Jan",
    "Punch-in": "09:10",
    "Punch-out": "18:05",
    "Timer Hours": "08:55",
    "Manual Hours": "00:00",
    "Total Ex Idle Hours": "08:55",
    "Idle Hours": "00:00",
    "Total Inc Idle Hours": "08:55"
  },
  {
    "Name": "Payal Ramani",
    "Day": "Sat 21-Jan",
    "Punch-in": "--:--",
    "Punch-out": "--:--",
    "Timer Hours": "00:00",
    "Manual Hours": "00:00",
    "Total Ex Idle Hours": "00:00",
    "Idle Hours": "00:00",
    "Total Inc Idle Hours": "00:00"
  },
  {
    "Name": "Payal Ramani",
    "Day": "Sun 22-Jan",
    "Punch-in": "--:--",
    "Punch-out": "--:--",
    "Timer Hours": "00:00",
    "Manual Hours": "00:00",
    "Total Ex Idle Hours": "00:00",
    "Idle Hours": "00:00",
    "Total Inc Idle Hours": "00:00"
  },
  {
    "Name": "Payal Ramani",
    "Day": "Mon 23-Jan",
    "Punch-in": "09:00",
    "Punch-out": "17:50",
    "Timer Hours": "08:50",
    "Manual Hours": "00:00",
    "Total Ex Idle Hours": "08:50",
    "Idle Hours": "00:00",
    "Total Inc Idle Hours": "08:50"
  },
  {
    "Name": "Payal Ramani",
    "Day": "Tue 24-Jan",
    "Punch-in": "09:05",
    "Punch-out": "18:00",
    "Timer Hours": "08:55",
    "Manual Hours": "00:00",
    "Total Ex Idle Hours": "08:55",
    "Idle Hours": "00:00",
    "Total Inc Idle Hours": "08:55"
  },
  {
    "Name": "Payal Ramani",
    "Day": "Wed 25-Jan",
    "Punch-in": "09:00",
    "Punch-out": "17:50",
    "Timer Hours": "08:50",
    "Manual Hours": "00:00",
    "Total Ex Idle Hours": "08:50",
    "Idle Hours": "00:00",
    "Total Inc Idle Hours": "08:50"
  },
  {
    "Name": "Payal Ramani",
    "Day": "Thu 26-Jan",
    "Punch-in": "09:10",
    "Punch-out": "18:00",
    "Timer Hours": "08:50",
    "Manual Hours": "00:00",
    "Total Ex Idle Hours": "08:50",
    "Idle Hours": "00:00",
    "Total Inc Idle Hours": "08:50"
  },
  {
    "Name": "Payal Ramani",
    "Day": "Fri 27-Jan",
    "Punch-in": "09:20",
    "Punch-out": "18:30",
    "Timer Hours": "09:10",
    "Manual Hours": "00:00",
    "Total Ex Idle Hours": "09:10",
    "Idle Hours": "00:00",
    "Total Inc Idle Hours": "09:10"
  },
  {
    "Name": "Period Total",
    "Day": "",
    "Punch-in": "",
    "Punch-out": "",
    "Timer Hours": "170:25:00",
    "Manual Hours": "00:00",
    "Total Ex Idle Hours": "170:25:00",
    "Idle Hours": "00:00",
    "Total Inc Idle Hours": "170:25:00"
  },
  {
    "Name": "Name",
    "Day": "Day",
    "Punch-in": "Punch-in",
    "Punch-out": "Punch-out",
    "Timer Hours": "Timer Hours",
    "Manual Hours": "Manual Hours",
    "Total Ex Idle Hours": "Total Ex Idle Hours",
    "Idle Hours": "Idle Hours",
    "Total Inc Idle Hours": "Total Inc Idle Hours"
  },
  {
    "Name": "Divyesh Patel",
    "Day": "Sun 01-Dec",
    "Punch-in": "--:--",
    "Punch-out": "--:--",
    "Timer Hours": "00:00",
    "Manual Hours": "00:00",
    "Total Ex Idle Hours": "00:00",
    "Idle Hours": "00:00",
    "Total Inc Idle Hours": "00:00"
  },
  {
    "Name": "Divyesh Patel",
    "Day": "Mon 02-Dec",
    "Punch-in": "14:02",
    "Punch-out": "20:00",
    "Timer Hours": "05:37",
    "Manual Hours": "00:00",
    "Total Ex Idle Hours": "05:37",
    "Idle Hours": "00:00",
    "Total Inc Idle Hours": "05:37"
  },
  {
    "Name": "Divyesh Patel",
    "Day": "Tue 03-Dec",
    "Punch-in": "10:10",
    "Punch-out": "19:56",
    "Timer Hours": "06:00",
    "Manual Hours": "00:00",
    "Total Ex Idle Hours": "06:00",
    "Idle Hours": "00:00",
    "Total Inc Idle Hours": "06:00"
  },
  {
    "Name": "Divyesh Patel",
    "Day": "Wed 04-Dec",
    "Punch-in": "10:07",
    "Punch-out": "19:59",
    "Timer Hours": "08:52",
    "Manual Hours": "00:00",
    "Total Ex Idle Hours": "08:52",
    "Idle Hours": "00:00",
    "Total Inc Idle Hours": "08:52"
  },
  {
    "Name": "Divyesh Patel",
    "Day": "Thu 05-Dec",
    "Punch-in": "10:06",
    "Punch-out": "20:00",
    "Timer Hours": "07:35",
    "Manual Hours": "00:00",
    "Total Ex Idle Hours": "07:35",
    "Idle Hours": "00:00",
    "Total Inc Idle Hours": "07:35"
  },
  {
    "Name": "Divyesh Patel",
    "Day": "Fri 06-Dec",
    "Punch-in": "10:12",
    "Punch-out": "20:01",
    "Timer Hours": "08:11",
    "Manual Hours": "00:00",
    "Total Ex Idle Hours": "08:11",
    "Idle Hours": "00:00",
    "Total Inc Idle Hours": "08:11"
  },
  {
    "Name": "Divyesh Patel",
    "Day": "Sat 07-Dec",
    "Punch-in": "--:--",
    "Punch-out": "--:--",
    "Timer Hours": "00:00",
    "Manual Hours": "00:00",
    "Total Ex Idle Hours": "00:00",
    "Idle Hours": "00:00",
    "Total Inc Idle Hours": "00:00"
  },
  {
    "Name": "Divyesh Patel",
    "Day": "Sun 08-Dec",
    "Punch-in": "--:--",
    "Punch-out": "--:--",
    "Timer Hours": "00:00",
    "Manual Hours": "00:00",
    "Total Ex Idle Hours": "00:00",
    "Idle Hours": "00:00",
    "Total Inc Idle Hours": "00:00"
  },
  {
    "Name": "Divyesh Patel",
    "Day": "Mon 09-Dec",
    "Punch-in": "10:14",
    "Punch-out": "20:09",
    "Timer Hours": "08:21",
    "Manual Hours": "00:00",
    "Total Ex Idle Hours": "08:21",
    "Idle Hours": "00:00",
    "Total Inc Idle Hours": "08:21"
  },
  {
    "Name": "Divyesh Patel",
    "Day": "Tue 10-Dec",
    "Punch-in": "10:09",
    "Punch-out": "20:01",
    "Timer Hours": "07:16",
    "Manual Hours": "00:00",
    "Total Ex Idle Hours": "07:16",
    "Idle Hours": "00:00",
    "Total Inc Idle Hours": "07:16"
  },
  {
    "Name": "Divyesh Patel",
    "Day": "Wed 11-Dec",
    "Punch-in": "10:16",
    "Punch-out": "19:52",
    "Timer Hours": "08:06",
    "Manual Hours": "00:00",
    "Total Ex Idle Hours": "08:06",
    "Idle Hours": "00:00",
    "Total Inc Idle Hours": "08:06"
  },
  {
    "Name": "Divyesh Patel",
    "Day": "Thu 12-Dec",
    "Punch-in": "10:01",
    "Punch-out": "19:56",
    "Timer Hours": "07:00",
    "Manual Hours": "00:00",
    "Total Ex Idle Hours": "07:00",
    "Idle Hours": "00:00",
    "Total Inc Idle Hours": "07:00"
  },
  {
    "Name": "Divyesh Patel",
    "Day": "Fri 13-Dec",
    "Punch-in": "10:22",
    "Punch-out": "20:03",
    "Timer Hours": "07:54",
    "Manual Hours": "00:00",
    "Total Ex Idle Hours": "07:54",
    "Idle Hours": "00:00",
    "Total Inc Idle Hours": "07:54"
  },
  {
    "Name": "Divyesh Patel",
    "Day": "Sat 14-Dec",
    "Punch-in": "--:--",
    "Punch-out": "--:--",
    "Timer Hours": "00:00",
    "Manual Hours": "00:00",
    "Total Ex Idle Hours": "00:00",
    "Idle Hours": "00:00",
    "Total Inc Idle Hours": "00:00"
  },
  {
    "Name": "Divyesh Patel",
    "Day": "Sun 15-Dec",
    "Punch-in": "--:--",
    "Punch-out": "--:--",
    "Timer Hours": "00:00",
    "Manual Hours": "00:00",
    "Total Ex Idle Hours": "00:00",
    "Idle Hours": "00:00",
    "Total Inc Idle Hours": "00:00"
  },
  {
    "Name": "Divyesh Patel",
    "Day": "Mon 16-Dec",
    "Punch-in": "11:07",
    "Punch-out": "19:57",
    "Timer Hours": "06:27",
    "Manual Hours": "00:00",
    "Total Ex Idle Hours": "06:27",
    "Idle Hours": "00:04",
    "Total Inc Idle Hours": "06:32"
  },
  {
    "Name": "Divyesh Patel",
    "Day": "Tue 17-Dec",
    "Punch-in": "10:11",
    "Punch-out": "19:55",
    "Timer Hours": "07:52",
    "Manual Hours": "00:00",
    "Total Ex Idle Hours": "07:52",
    "Idle Hours": "00:00",
    "Total Inc Idle Hours": "07:52"
  },
  {
    "Name": "Divyesh Patel",
    "Day": "Wed 18-Dec",
    "Punch-in": "10:11",
    "Punch-out": "19:50",
    "Timer Hours": "07:39",
    "Manual Hours": "00:00",
    "Total Ex Idle Hours": "07:39",
    "Idle Hours": "00:04",
    "Total Inc Idle Hours": "07:44"
  },
  {
    "Name": "Divyesh Patel",
    "Day": "Thu 19-Dec",
    "Punch-in": "09:55",
    "Punch-out": "19:49",
    "Timer Hours": "08:22",
    "Manual Hours": "00:00",
    "Total Ex Idle Hours": "08:22",
    "Idle Hours": "00:00",
    "Total Inc Idle Hours": "08:22"
  },
  {
    "Name": "Divyesh Patel",
    "Day": "Fri 20-Dec",
    "Punch-in": "10:02",
    "Punch-out": "20:05",
    "Timer Hours": "07:39",
    "Manual Hours": "00:00",
    "Total Ex Idle Hours": "07:39",
    "Idle Hours": "00:00",
    "Total Inc Idle Hours": "07:39"
  },
  {
    "Name": "Divyesh Patel",
    "Day": "Sat 21-Dec",
    "Punch-in": "--:--",
    "Punch-out": "--:--",
    "Timer Hours": "00:00",
    "Manual Hours": "00:00",
    "Total Ex Idle Hours": "00:00",
    "Idle Hours": "00:00",
    "Total Inc Idle Hours": "00:00"
  },
  {
    "Name": "Divyesh Patel",
    "Day": "Sun 22-Dec",
    "Punch-in": "--:--",
    "Punch-out": "--:--",
    "Timer Hours": "00:00",
    "Manual Hours": "00:00",
    "Total Ex Idle Hours": "00:00",
    "Idle Hours": "00:00",
    "Total Inc Idle Hours": "00:00"
  },
  {
    "Name": "Divyesh Patel",
    "Day": "Mon 23-Dec",
    "Punch-in": "10:25",
    "Punch-out": "19:55",
    "Timer Hours": "07:33",
    "Manual Hours": "00:00",
    "Total Ex Idle Hours": "07:33",
    "Idle Hours": "00:00",
    "Total Inc Idle Hours": "07:33"
  },
  {
    "Name": "Divyesh Patel",
    "Day": "Tue 24-Dec",
    "Punch-in": "10:19",
    "Punch-out": "20:01",
    "Timer Hours": "06:30",
    "Manual Hours": "00:00",
    "Total Ex Idle Hours": "06:30",
    "Idle Hours": "00:00",
    "Total Inc Idle Hours": "06:30"
  },
  {
    "Name": "Divyesh Patel",
    "Day": "Wed 25-Dec",
    "Punch-in": "10:05",
    "Punch-out": "19:57",
    "Timer Hours": "07:30",
    "Manual Hours": "00:00",
    "Total Ex Idle Hours": "07:30",
    "Idle Hours": "00:00",
    "Total Inc Idle Hours": "07:30"
  },
  {
    "Name": "Divyesh Patel",
    "Day": "Thu 26-Dec",
    "Punch-in": "10:24",
    "Punch-out": "19:55",
    "Timer Hours": "08:18",
    "Manual Hours": "00:00",
    "Total Ex Idle Hours": "08:18",
    "Idle Hours": "00:00",
    "Total Inc Idle Hours": "08:18"
  },
  {
    "Name": "Divyesh Patel",
    "Day": "Fri 27-Dec",
    "Punch-in": "10:01",
    "Punch-out": "12:36",
    "Timer Hours": "02:22",
    "Manual Hours": "00:00",
    "Total Ex Idle Hours": "02:22",
    "Idle Hours": "00:00",
    "Total Inc Idle Hours": "02:22"
  },
  {
    "Name": "",
    "Day": "Period Total",
    "Punch-in": "",
    "Punch-out": "",
    "Timer Hours": "145:15:00",
    "Manual Hours": "00:00",
    "Total Ex Idle Hours": "145:15:00",
    "Idle Hours": "00:09",
    "Total Inc Idle Hours": "145:25:00"
  }
]